{
    "HR": {
        "timestamp": [
            53.65998077392578,
            53.65998077392578,
            53.65998077392578,
            53.65998077392578,
            53.65998077392578,
            53.65998077392578,
            53.65998077392578,
            53.65998077392578,
            53.65998077392578,
            53.65998077392578,
            53.65998077392578,
            53.65998077392578,
            53.65998077392578,
            53.65998077392578,
            53.65998077392578,
            53.65998077392578,
            53.65998077392578,
            53.65998077392578,
            53.65998077392578,
            53.65998077392578,
            53.65998077392578,
            53.65998077392578,
            53.65998077392578,
            53.65998077392578,
            53.65998077392578,
            53.65998077392578,
            53.65998077392578,
            53.65998077392578,
            53.65998077392578,
            53.65998077392578,
            53.65998077392578,
            53.65998077392578,
            53.65998077392578,
            53.65998077392578,
            53.65998077392578,
            53.73998260498047,
            54.73998260498047,
            55.77997589111328,
            56.759986877441409,
            57.759986877441409
        ],
        "value": [
            94.0,
            94.0,
            93.0,
            91.0,
            88.0,
            88.0,
            89.0,
            89.0,
            91.0,
            92.0,
            93.0,
            92.0,
            90.0,
            90.0,
            92.0,
            94.0,
            96.0,
            97.0,
            97.0,
            98.0,
            98.0,
            97.0,
            98.0,
            97.0,
            97.0,
            94.0,
            92.0,
            91.0,
            94.0,
            95.0,
            96.0,
            96.0,
            95.0,
            94.0,
            89.0,
            81.0,
            80.0,
            81.0,
            82.0,
            83.0
        ],
        "text": [],
        "type": 1
    },
    "RRi": {
        "timestamp": [],
        "value": [],
        "text": [],
        "type": 2
    },
    "RMSSD": {
        "timestamp": [],
        "value": [],
        "text": [],
        "type": 5
    },
    "SDNN": {
        "timestamp": [
            47.03998565673828
        ],
        "value": [
            NaN
        ],
        "text": [],
        "type": 6
    },
    "EOM": {
        "timestamp": [],
        "value": [],
        "text": [],
        "type": 7
    },
    "automaticMarkers": {
        "timestamp": [],
        "value": [],
        "text": [],
        "type": 8
    },
    "manualMarkers": {
        "timestamp": [],
        "value": [],
        "text": [],
        "type": 9
    },
    "screenshots": {
        "timestamp": [],
        "value": [],
        "text": [],
        "type": 10
    },
    "headset_posX": {
        "timestamp": [],
        "value": [],
        "text": [],
        "type": 12
    },
    "headset_posY": {
        "timestamp": [],
        "value": [],
        "text": [],
        "type": 13
    },
    "headset_posZ": {
        "timestamp": [],
        "value": [],
        "text": [],
        "type": 14
    },
    "headset_q0": {
        "timestamp": [],
        "value": [],
        "text": [],
        "type": 15
    },
    "headset_qi": {
        "timestamp": [],
        "value": [],
        "text": [],
        "type": 16
    },
    "headset_qj": {
        "timestamp": [],
        "value": [],
        "text": [],
        "type": 17
    },
    "headset_qk": {
        "timestamp": [],
        "value": [],
        "text": [],
        "type": 18
    },
    "headset_yaw": {
        "timestamp": [],
        "value": [],
        "text": [],
        "type": 20
    },
    "headset_pitch": {
        "timestamp": [],
        "value": [],
        "text": [],
        "type": 19
    },
    "headset_roll": {
        "timestamp": [],
        "value": [],
        "text": [],
        "type": 21
    },
    "headset_velPosX": {
        "timestamp": [],
        "value": [],
        "text": [],
        "type": 23
    },
    "headset_velPosY": {
        "timestamp": [],
        "value": [],
        "text": [],
        "type": 25
    },
    "headset_velPosZ": {
        "timestamp": [],
        "value": [],
        "text": [],
        "type": 27
    },
    "headset_accPosX": {
        "timestamp": [],
        "value": [],
        "text": [],
        "type": 24
    },
    "headset_accPosY": {
        "timestamp": [],
        "value": [],
        "text": [],
        "type": 26
    },
    "headset_accPosZ": {
        "timestamp": [],
        "value": [],
        "text": [],
        "type": 28
    },
    "headset_velQuat0": {
        "timestamp": [],
        "value": [],
        "text": [],
        "type": 29
    },
    "headset_velQuati": {
        "timestamp": [],
        "value": [],
        "text": [],
        "type": 30
    },
    "headset_velQuatj": {
        "timestamp": [],
        "value": [],
        "text": [],
        "type": 31
    },
    "headset_velQuatk": {
        "timestamp": [],
        "value": [],
        "text": [],
        "type": 32
    },
    "headset_accQuat0": {
        "timestamp": [],
        "value": [],
        "text": [],
        "type": 33
    },
    "headset_accQuati": {
        "timestamp": [],
        "value": [],
        "text": [],
        "type": 34
    },
    "headset_accQuatj": {
        "timestamp": [],
        "value": [],
        "text": [],
        "type": 35
    },
    "headset_accQuatk": {
        "timestamp": [],
        "value": [],
        "text": [],
        "type": 36
    },
    "headset_velEuleri": {
        "timestamp": [],
        "value": [],
        "text": [],
        "type": 37
    },
    "headset_velEulerj": {
        "timestamp": [],
        "value": [],
        "text": [],
        "type": 38
    },
    "headset_velEulerk": {
        "timestamp": [],
        "value": [],
        "text": [],
        "type": 39
    },
    "headset_accEuleri": {
        "timestamp": [],
        "value": [],
        "text": [],
        "type": 40
    },
    "headset_accEulerj": {
        "timestamp": [],
        "value": [],
        "text": [],
        "type": 41
    },
    "headset_accEulerk": {
        "timestamp": [],
        "value": [],
        "text": [],
        "type": 42
    }
}